{ 
    "AUC" : {
        "sem_fold": [0.32994186878204346, 0.3284883499145508, 0.34137964248657227, 0.33307909965515137, 0.7089843153953552, 0.7302257418632507, 0.693781852722168, 0.7007471919059753, 0.8287102580070496, 0.8272482752799988, 0.7531499266624451, 0.7566928267478943, 0.8507649898529053, 0.855901837348938, 0.6653300523757935, 0.6337916254997253, 0.7234939336776733, 0.7219579815864563, 0.7894840240478516, 0.7912734150886536, 0.8682321310043335, 0.8721880912780762, 0.796329915523529, 0.7788352966308594, 0.8668727278709412, 0.8660350441932678, 0.790898323059082, 0.7743322253227234, 0.8487748503684998, 0.8482773303985596, 0.8396071791648865, 0.8434521555900574, 0.8385539054870605, 0.838428258895874, 0.8642404079437256, 0.847274899482727, 0.832802414894104, 0.8276559114456177, 0.8535103797912598, 0.8509731292724609, 0.8378568887710571, 0.8440594673156738, 0.857262372970581, 0.8470035195350647, 0.8506941795349121, 0.8580387830734253, 0.8509361743927002, 0.8472759127616882, 0.8485498428344727, 0.8442274332046509, 0.8510702252388, 0.8514103293418884, 0.8543047308921814, 0.8489173650741577, 0.8521244525909424, 0.8453523516654968, 0.8487061262130737, 0.8563867807388306, 0.8478865027427673, 0.8516945838928223, 0.858650267124176],
        "com_fold":[
0.4627,
0.4675,
0.8021,
0.7925,
0.7867,
0.7861,
0.869,
0.8776,
0.691,
0.6331,
0.773,
0.7919,
0.8837,
0.8794,
0.8304,
0.8368,
0.6497,
0.6476,
0.9144,
0.9167,
0.9164,
0.9112,
0.9179,
0.9111,
0.9114,
0.9082,
0.9056,
0.914,
0.9172,
0.9131,
0.9131,
0.9137,
0.9145,
0.9146,
0.9159,
0.9115,
0.9091,
0.9112,
0.9226,
0.9193,
0.9113,
0.9183,
0.9082,
0.915,
0.9122,
0.9211,
0.9121,
0.9092,
0.9132
        ]
    },
    
    "Accuracy" : {"sem_fold": [0.32994186878204346, 0.32848837971687317, 0.32848837971687317, 0.3241279125213623, 0.6831395626068115, 0.6831395626068115, 0.7005813717842102, 0.7034883499145508, 0.7834302186965942, 0.770348846912384, 0.7441860437393188, 0.7543604373931885, 0.7892441749572754, 0.7819767594337463, 0.6584302186965942, 0.617732584476471, 0.7034883499145508, 0.7151162624359131, 0.7688953280448914, 0.7674418687820435, 0.8037790656089783, 0.8066860437393188, 0.7354651093482971, 0.7311046719551086, 0.7834302186965942, 0.7950581312179565, 0.7369186282157898, 0.7252907156944275, 0.8095930218696594, 0.8066860437393188, 0.7659883499145508, 0.7718023061752319, 0.7834302186965942, 0.7848837375640869, 0.7965116500854492, 0.7950581312179565, 0.7805232405662537, 0.7659883499145508, 0.7994186282157898, 0.7892441749572754, 0.7906976938247681, 0.7863371968269348, 0.7936046719551086, 0.7877907156944275, 0.7877907156944275, 0.8023256063461304, 0.7877907156944275, 0.7877907156944275, 0.7892441749572754, 0.7790697813034058, 0.7819767594337463, 0.7906976938247681, 0.7906976938247681, 0.7965116500854492, 0.7979651093482971, 0.7994186282157898, 0.7805232405662537, 0.7906976938247681, 0.7979651093482971, 0.792151153087616, 0.7979651093482971],
    "com_fold":[
0.3765,
0.3808,
0.7093,
0.6977,
0.7238,
0.7151,
0.7776,
0.7776,
0.6672,
0.609,
0.7064,
0.718,
0.8227,
0.8023,
0.7544,
0.7733,
0.6017,
0.6148,
0.827,
0.8532,
0.8401,
0.8343,
0.8358,
0.8227,
0.827,
0.8314,
0.8343,
0.827,
0.8212,
0.8299,
0.8285,
0.843,
0.8488,
0.8343,
0.8387,
0.8343,
0.8328,
0.8372,
0.8474,
0.8445,
0.8401,
0.8401,
0.843,
0.8343,
0.8314,
0.8547,
0.8416,
0.8314,
0.8328
    ]},

    "F1_score" : {"sem_fold": [0.1637088507413864, 0.16244719922542572, 0.16244719922542572, 0.1586839109659195, 0.6885655522346497, 0.687930703163147, 0.683525025844574, 0.6782504320144653, 0.7700175642967224, 0.7503859400749207, 0.7505316734313965, 0.7602064609527588, 0.7775819897651672, 0.7703803777694702, 0.6620357632637024, 0.6155199408531189, 0.683729350566864, 0.6911531686782837, 0.7753059267997742, 0.7738458514213562, 0.8034338355064392, 0.8030006885528564, 0.7399125099182129, 0.7360430359840393, 0.7817436456680298, 0.7939414978027344, 0.7062358856201172, 0.6990485191345215, 0.8135237097740173, 0.8107768893241882, 0.7370467185974121, 0.7440462112426758, 0.7740960717201233, 0.7747828960418701, 0.7921653389930725, 0.7905210256576538, 0.7781689167022705, 0.7628875374794006, 0.79798424243927, 0.7864514589309692, 0.7904559373855591, 0.7854599952697754, 0.7907541394233704, 0.7857245802879333, 0.785368025302887, 0.8000687956809998, 0.7862085103988647, 0.7865127325057983, 0.787568211555481, 0.7757067680358887, 0.7803512811660767, 0.7888959050178528, 0.789450466632843, 0.7955210208892822, 0.7965914011001587, 0.7979539632797241, 0.7790770530700684, 0.7899649143218994, 0.7963751554489136, 0.7899444103240967, 0.7963416576385498], 
    "com_fold":[
0.2111,
0.2152,
0.6699,
0.6429,
0.7279,
0.7194,
0.7567,
0.7643,
0.6655,
0.5962,
0.7055,
0.7188,
0.8245,
0.8046,
0.7576,
0.7769,
0.584,
0.5987,
0.8279,
0.8533,
0.8404,
0.8351,
0.8344,
0.821,
0.8271,
0.8307,
0.8351,
0.8284,
0.8215,
0.8305,
0.8291,
0.8436,
0.8496,
0.8348,
0.8392,
0.835,
0.8329,
0.8377,
0.8477,
0.845,
0.8407,
0.8407,
0.8438,
0.8348,
0.8322,
0.8551,
0.8422,
0.8319,
0.8333
    ]},

    "Precision" : {"sem_fold": [0.32994186878204346, 0.32848837971687317, 0.32848837971687317, 0.3241279125213623, 0.6831395626068115, 0.6831395626068115, 0.7005813717842102, 0.7034883499145508, 0.7834302186965942, 0.770348846912384, 0.7441860437393188, 0.7543604373931885, 0.7892441749572754, 0.7819767594337463, 0.6584302186965942, 0.617732584476471, 0.7034883499145508, 0.7151162624359131, 0.7688953280448914, 0.7674418687820435, 0.8037790656089783, 0.8066860437393188, 0.7354651093482971, 0.7311046719551086, 0.7834302186965942, 0.7950581312179565, 0.7369186282157898, 0.7252907156944275, 0.8095930218696594, 0.8066860437393188, 0.7659883499145508, 0.7718023061752319, 0.7834302186965942, 0.7848837375640869, 0.7965116500854492, 0.7950581312179565, 0.7805232405662537, 0.7659883499145508, 0.7994186282157898, 0.7892441749572754, 0.7906976938247681, 0.7863371968269348, 0.7936046719551086, 0.7877907156944275, 0.7877907156944275, 0.8023256063461304, 0.7877907156944275, 0.7877907156944275, 0.7892441749572754, 0.7790697813034058, 0.7819767594337463, 0.7906976938247681, 0.7906976938247681, 0.7965116500854492, 0.7979651093482971, 0.7994186282157898, 0.7805232405662537, 0.7906976938247681, 0.7979651093482971, 0.792151153087616, 0.7979651093482971], 
    "com_fold":[
0.3765,
0.3808,
0.7093,
0.6977,
0.7238,
0.7151,
0.7776,
0.7776,
0.6672,
0.609,
0.7064,
0.718,
0.8227,
0.8023,
0.7544,
0.7733,
0.6017,
0.6148,
0.827,
0.8532,
0.8401,
0.8343,
0.8358,
0.8227,
0.827,
0.8314,
0.8343,
0.827,
0.8212,
0.8299,
0.8285,
0.843,
0.8488,
0.8343,
0.8387,
0.8343,
0.8328,
0.8372,
0.8474,
0.8445,
0.8401,
0.8401,
0.843,
0.8343,
0.8314,
0.8547,
0.8416,
0.8314,
0.8328
    ]},

    "Recall" : {"sem_fold": [0.32994186878204346, 0.32848837971687317, 0.32848837971687317, 0.3241279125213623, 0.6831395626068115, 0.6831395626068115, 0.7005813717842102, 0.7034883499145508, 0.7834302186965942, 0.770348846912384, 0.7441860437393188, 0.7543604373931885, 0.7892441749572754, 0.7819767594337463, 0.6584302186965942, 0.617732584476471, 0.7034883499145508, 0.7151162624359131, 0.7688953280448914, 0.7674418687820435, 0.8037790656089783, 0.8066860437393188, 0.7354651093482971, 0.7311046719551086, 0.7834302186965942, 0.7950581312179565, 0.7369186282157898, 0.7252907156944275, 0.8095930218696594, 0.8066860437393188, 0.7659883499145508, 0.7718023061752319, 0.7834302186965942, 0.7848837375640869, 0.7965116500854492, 0.7950581312179565, 0.7805232405662537, 0.7659883499145508, 0.7994186282157898, 0.7892441749572754, 0.7906976938247681, 0.7863371968269348, 0.7936046719551086, 0.7877907156944275, 0.7877907156944275, 0.8023256063461304, 0.7877907156944275, 0.7877907156944275, 0.7892441749572754, 0.7790697813034058, 0.7819767594337463, 0.7906976938247681, 0.7906976938247681, 0.7965116500854492, 0.7979651093482971, 0.7994186282157898, 0.7805232405662537, 0.7906976938247681, 0.7979651093482971, 0.792151153087616, 0.7979651093482971],